<?xml version="1.0" encoding="UTF-8"?>
<configuration>

	<appender name="STDOUT" class="ch.qos.logback.core.ConsoleAppender">
		<layout class="ch.qos.logback.classic.PatternLayout">
			<Pattern>
				%d{yyyy-MM-dd HH:mm:ss} %-5level %logger{36} - %msg%n
			</Pattern>
		</layout>
	</appender>

	<logger name="org.springframework.web" level="error" additivity="false">
		<appender-ref ref="STDOUT" />
	</logger>

	<root level="error">
		<appender-ref ref="STDOUT" />
	</root>

	<logger name="com.parking" level="debug" additivity="false">
		<appender-ref ref="STDOUT" />
	</logger>

	<appender name="LOGFILE"
		class="ch.qos.logback.core.rolling.RollingFileAppender">
		<file>parking.log</file>
		<encoder class="ch.qos.logback.classic.encoder.PatternLayoutEncoder">
			<Pattern>
				%d{yyyy-MM-dd HH:mm:ss} - %msg%n
			</Pattern>
		</encoder>

		<rollingPolicy class="ch.qos.logback.core.rolling.TimeBasedRollingPolicy">
			<!-- rollover daily -->
			<fileNamePattern>archivedlog/debug.%d{yyyy-MM-dd}.%i.log
			</fileNamePattern>
			<timeBasedFileNamingAndTriggeringPolicy
				class="ch.qos.logback.core.rolling.SizeAndTimeBasedFNATP">
				<maxFileSize>50MB</maxFileSize>
			</timeBasedFileNamingAndTriggeringPolicy>
		</rollingPolicy>

	</appender>

	<logger name="org.springframework.web" level="error" additivity="false">
		<appender-ref ref="LOGFILE" />
	</logger>

	<logger name="com.parking" level="debug" additivity="false">
		<appender-ref ref="LOGFILE" />
	</logger>




</configuration>